"scenario","VE_s","VE_p"
"heterologous",0.20417301554224,0.0952807405863787
"homologous",0.247793553513043,0.415054202134348
